train_id,arrival_hour,departure_hour,passenger_count,platform_number,track_number,delay_minutes
1000,6,14,893,5,1,4
1001,19,0,619,4,1,21
1002,14,13,199,2,1,5
1003,10,5,851,5,2,28
1004,7,4,577,4,2,20
1005,20,10,698,3,1,2
1006,6,3,397,5,3,14
1007,18,12,625,4,3,4
1008,22,10,433,1,2,27
1009,10,2,101,1,2,23
1010,10,0,474,2,1,13
1011,23,5,392,4,3,17
1012,20,17,936,1,1,15
1013,3,23,652,3,2,5
1014,7,9,417,4,3,24
1015,23,4,601,3,3,23
1016,2,22,927,3,2,13
1017,21,9,480,1,1,26
1018,20,11,722,4,1,23
1019,1,1,113,5,3,7
1020,23,12,603,1,2,28
1021,11,7,330,1,3,6
1022,5,1,183,4,2,7
1023,1,19,229,4,1,12
1024,20,0,842,3,2,5
1025,0,4,937,4,1,17
1026,11,8,244,3,2,1
1027,21,16,990,1,3,7
1028,11,8,956,2,1,10
1029,16,10,127,5,3,0
1030,9,14,165,1,3,21
1031,15,23,262,4,1,28
1032,14,5,328,5,1,5
1033,14,22,360,2,3,15
1034,18,2,548,2,3,26
1035,11,16,523,3,3,19
1036,22,4,559,5,3,11
1037,19,11,775,3,1,10
1038,2,17,400,1,1,28
1039,4,13,402,5,3,26
1040,18,20,386,1,2,28
1041,6,23,494,3,2,9
1042,20,10,109,5,1,2
1043,8,8,806,3,3,12
1044,6,1,729,5,3,26
1045,17,11,369,3,1,2
1046,3,2,691,2,2,14
1047,13,2,704,3,2,15
1048,17,0,877,2,2,28
1049,8,7,943,3,1,12
1050,20,21,961,5,2,16
1051,1,7,460,5,1,2
1052,19,10,356,5,1,19
1053,14,8,232,4,3,10
1054,6,4,375,1,2,26
1055,11,13,875,5,1,20
1056,7,2,782,2,2,18
1057,14,20,612,5,2,21
1058,2,4,412,4,3,10
1059,13,4,675,2,2,29
1060,16,18,985,4,3,27
1061,3,13,383,2,1,15
1062,17,3,220,3,2,20
1063,7,12,206,1,1,2
1064,3,9,786,1,2,21
1065,1,17,303,4,1,5
1066,5,7,264,1,2,13
1067,21,7,404,4,2,23
1068,9,6,596,4,2,17
1069,3,7,731,4,2,16
1070,21,13,655,1,2,3
1071,17,18,923,4,2,22
1072,11,5,255,1,2,14
1073,1,0,466,4,2,10
1074,9,22,818,5,2,25
1075,3,14,719,4,1,2
1076,13,0,350,2,3,2
1077,15,16,981,4,2,15
1078,14,0,433,3,3,4
1079,7,14,741,4,2,20
1080,13,22,610,2,2,28
1081,22,1,392,2,1,9
1082,7,13,119,1,1,18
1083,20,20,381,5,3,24
1084,15,7,896,4,1,3
1085,12,7,100,1,1,28
1086,17,18,218,5,3,28
1087,14,6,134,4,1,18
1088,20,18,297,3,2,10
1089,23,5,584,4,3,1
1090,12,5,856,2,3,9
1091,8,2,158,2,2,28
1092,14,6,936,3,1,10
1093,12,18,260,1,3,24
1094,0,7,790,5,3,19
1095,6,9,305,4,2,15
1096,8,19,111,2,2,18
1097,23,14,589,1,1,22
1098,0,14,375,3,3,23
1099,11,0,792,2,1,10
1100,7,19,341,3,1,13
1101,23,6,315,4,2,1
1102,10,3,350,5,3,22
1103,18,5,910,2,3,27
1104,16,0,225,2,3,4
1105,7,4,316,4,2,26
1106,2,22,405,1,2,4
1107,2,0,896,5,2,18
1108,0,3,284,2,2,20
1109,4,21,138,5,2,11
1110,9,1,322,2,3,17
1111,6,9,283,5,1,3
1112,8,4,594,3,3,21
1113,6,9,526,2,1,16
1114,8,0,277,5,2,9
1115,7,21,527,1,1,19
1116,11,5,393,3,3,5
1117,1,12,951,3,3,24
1118,0,14,250,1,1,13
1119,15,3,483,5,2,10
1120,22,12,737,4,2,10
1121,22,23,912,1,3,28
1122,23,19,407,5,1,17
1123,4,23,435,1,2,26
1124,2,14,845,1,2,22
1125,11,7,991,2,3,21
1126,7,4,474,5,2,17
1127,21,14,107,4,1,23
1128,2,3,440,2,3,22
1129,0,11,228,1,3,10
1130,2,12,875,1,1,20
1131,4,1,768,1,3,11
1132,14,18,451,5,2,4
1133,13,18,457,5,2,22
1134,2,3,616,2,1,8
1135,0,3,594,4,2,26
1136,4,10,185,2,1,24
1137,22,4,274,3,1,8
1138,13,19,901,1,2,21
1139,6,10,292,1,1,9
1140,8,9,410,1,2,21
1141,14,7,218,2,3,18
1142,14,5,317,2,3,0
1143,9,5,526,1,1,6
1144,12,7,513,2,2,3
1145,18,22,213,5,2,0
1146,6,14,244,5,3,14
1147,16,13,637,2,3,7
1148,19,10,747,1,2,11
1149,3,11,402,2,1,21
1150,4,12,843,2,3,21
1151,22,7,980,2,1,17
1152,6,17,687,3,1,14
1153,12,0,939,5,3,16
1154,14,14,444,4,1,28
1155,10,7,913,4,1,13
1156,3,10,900,3,2,13
1157,12,11,100,2,1,17
1158,6,11,246,3,2,19
1159,18,3,386,3,3,17
1160,21,15,753,1,3,15
1161,1,3,152,5,2,0
1162,9,4,403,4,3,22
1163,12,23,168,2,1,26
1164,20,4,460,4,1,10
1165,5,7,701,4,1,14
1166,11,9,319,5,3,11
1167,11,16,803,4,1,7
1168,19,8,674,4,3,21
1169,10,21,684,3,1,19
1170,22,18,260,5,2,29
1171,6,13,780,1,3,5
1172,0,7,188,2,3,2
1173,0,8,787,4,1,27
1174,19,21,880,2,3,23
1175,12,10,684,1,3,25
1176,8,22,856,2,2,29
1177,2,0,688,1,2,12
1178,6,13,258,3,1,12
1179,5,4,588,4,2,1
1180,7,20,423,1,1,4
1181,8,13,709,2,1,16
1182,4,3,480,4,1,5
1183,0,21,201,3,3,1
1184,18,22,593,4,2,3
1185,9,0,743,1,1,21
1186,11,21,713,3,2,25
1187,23,22,118,2,1,10
1188,14,18,553,3,2,7
1189,21,7,581,3,2,11
1190,23,14,693,5,1,7
1191,8,20,496,3,3,10
1192,19,14,378,3,2,21
1193,16,8,950,4,3,19
1194,16,20,464,2,3,7
1195,19,8,430,4,1,28
1196,11,9,740,4,1,7
1197,6,19,443,1,1,25
1198,1,20,921,4,2,29
1199,2,8,554,5,1,16
1200,16,2,700,5,1,19
1201,4,19,824,1,2,19
1202,16,10,754,2,2,22
1203,23,5,164,2,1,15
1204,16,1,175,4,1,13
1205,16,6,810,4,1,29
1206,1,17,242,4,1,10
1207,1,1,927,2,3,6
1208,21,16,704,3,3,15
1209,22,10,572,5,1,12
1210,4,11,516,3,3,26
1211,0,18,404,3,2,14
1212,0,21,835,2,3,23
1213,18,23,596,3,3,15
1214,1,6,390,1,1,26
1215,20,19,201,4,3,20
1216,11,5,366,1,3,22
1217,5,20,966,5,3,23
1218,22,23,721,4,3,8
1219,3,0,941,3,2,2
1220,22,16,876,5,1,18
1221,10,10,102,4,1,19
1222,23,21,184,3,2,4
1223,16,17,893,1,3,9
1224,5,20,427,4,2,16
1225,23,16,915,3,3,14
1226,4,6,549,1,2,22
1227,19,16,553,5,1,24
1228,1,19,728,5,1,7
1229,5,8,320,5,1,14
1230,21,16,253,5,3,20
1231,10,19,764,2,3,29
1232,15,21,111,4,2,13
1233,15,21,232,4,2,19
1234,0,7,403,2,1,27
1235,8,16,392,3,3,6
1236,5,6,399,3,2,20
1237,15,0,839,5,3,22
1238,2,12,882,1,3,11
1239,19,22,142,3,1,16
1240,3,18,442,1,1,16
1241,18,23,425,4,3,9
1242,2,18,913,1,3,29
1243,18,16,597,4,3,28
1244,19,12,463,2,3,18
1245,6,15,990,2,1,13
1246,19,7,526,5,2,10
1247,8,18,120,3,1,1
1248,0,17,506,5,2,17
1249,7,0,718,4,3,6
1250,6,13,435,5,2,11
1251,17,18,914,1,1,25
1252,7,14,216,4,1,1
1253,0,17,223,2,3,26
1254,10,1,498,3,1,19
1255,17,21,892,4,3,17
1256,22,16,903,4,1,5
1257,9,17,814,1,1,23
1258,2,5,150,3,3,9
1259,6,18,882,2,2,19
1260,15,3,423,4,1,14
1261,15,0,888,4,2,4
1262,19,7,240,1,1,19
1263,16,22,569,5,1,2
1264,1,6,886,2,1,4
1265,0,2,901,3,1,29
1266,15,9,433,4,2,24
1267,11,9,992,4,2,7
1268,4,18,472,2,1,7
1269,4,13,663,5,1,7
1270,22,1,593,4,2,11
1271,8,0,638,2,3,23
1272,8,22,768,1,3,22
1273,2,22,850,5,2,7
1274,18,17,255,3,1,10
1275,15,6,390,4,1,13
1276,15,7,747,2,3,7
1277,2,0,243,1,3,28
1278,19,22,205,3,2,29
1279,23,2,519,2,3,23
1280,21,23,769,2,2,27
1281,23,22,757,3,3,9
1282,0,7,101,1,3,6
1283,23,21,688,1,3,27
1284,19,14,743,5,1,16
1285,10,4,189,4,1,3
1286,16,2,444,3,1,28
1287,7,18,449,3,3,12
1288,3,0,558,3,2,3
1289,5,14,362,1,2,4
1290,7,7,450,4,2,25
1291,19,1,207,5,2,21
1292,2,2,685,2,1,3
1293,15,23,138,2,1,17
1294,2,13,258,3,3,5
1295,17,23,682,4,3,23
1296,13,13,411,1,2,23
1297,17,10,340,4,1,22
1298,1,15,544,4,2,21
1299,21,3,397,1,3,1
1300,2,19,135,3,3,22
1301,15,4,183,4,2,10
1302,8,21,551,2,3,27
1303,3,20,985,1,2,13
1304,0,13,874,5,1,29
1305,3,22,921,3,2,4
1306,0,15,484,1,1,5
1307,13,17,271,5,1,9
1308,20,6,475,5,3,7
1309,15,9,784,4,3,13
1310,19,6,461,4,3,23
1311,23,0,658,4,2,2
1312,7,22,990,1,2,11
1313,6,20,240,1,3,15
1314,2,18,986,3,2,27
1315,16,15,217,4,3,29
1316,0,18,376,5,2,22
1317,15,3,825,2,1,16
1318,11,17,319,3,1,0
1319,18,1,125,1,3,22
1320,21,0,620,3,2,9
1321,22,14,882,3,2,24
1322,21,4,109,3,1,22
1323,13,19,477,3,1,9
1324,5,10,732,2,3,20
1325,5,9,736,4,1,23
1326,12,1,781,5,3,1
1327,18,2,683,3,1,8
1328,21,22,251,3,1,21
1329,7,22,819,3,2,12
1330,1,11,148,4,1,24
1331,20,19,253,1,1,15
1332,0,4,958,1,3,17
1333,14,4,392,2,1,18
1334,0,5,679,1,3,11
1335,4,8,149,3,1,7
1336,15,1,763,3,1,16
1337,18,20,630,3,3,14
1338,3,11,711,2,2,9
1339,2,2,159,3,3,14
1340,16,19,266,1,3,14
1341,16,21,301,4,3,22
1342,11,11,956,4,2,6
1343,13,23,245,5,1,12
1344,20,16,775,1,3,16
1345,5,9,538,3,3,8
1346,2,23,341,4,2,7
1347,8,13,680,1,3,19
1348,4,22,786,4,1,25
1349,23,16,660,3,2,26
1350,16,17,582,4,1,20
1351,13,18,207,5,1,17
1352,20,16,325,5,2,12
1353,2,13,772,4,3,15
1354,0,8,730,1,1,8
1355,19,7,760,1,1,11
1356,20,1,761,1,1,11
1357,22,12,531,4,1,5
1358,0,6,904,1,2,18
1359,2,8,754,3,2,27
1360,17,21,518,5,1,6
1361,9,21,554,3,3,24
1362,21,10,259,1,1,2
1363,2,13,622,3,3,15
1364,7,3,749,1,1,17
1365,13,12,689,4,3,15
1366,23,1,176,3,1,22
1367,17,22,608,4,3,6
1368,14,4,540,4,1,3
1369,21,10,353,2,1,26
1370,22,5,869,1,3,24
1371,1,17,419,5,2,29
1372,9,20,902,1,3,7
1373,1,9,362,5,2,12
1374,16,3,696,1,1,12
1375,7,8,757,4,3,16
1376,0,5,934,3,3,16
1377,8,1,653,3,3,4
1378,10,16,473,2,2,5
1379,21,4,736,5,2,18
1380,15,5,266,5,1,12
1381,6,11,852,5,2,24
1382,9,22,558,4,2,27
1383,22,20,379,5,1,25
1384,2,9,799,3,3,13
1385,17,21,401,4,3,21
1386,23,20,630,1,1,3
1387,12,5,679,5,3,27
1388,6,7,317,5,2,6
1389,3,1,201,1,1,7
1390,12,11,653,5,1,24
1391,19,12,387,1,1,12
1392,0,20,266,4,3,26
1393,7,6,720,3,1,5
1394,13,9,135,1,1,5
1395,15,12,843,2,1,23
1396,13,16,840,1,3,27
1397,11,20,452,5,2,20
1398,18,13,775,4,1,29
1399,22,1,998,4,2,2
1400,14,21,172,1,3,27
1401,1,10,747,3,3,2
1402,1,0,452,2,3,12
1403,22,18,990,4,3,21
1404,21,20,169,5,2,1
1405,18,3,524,5,1,15
1406,21,18,807,3,3,21
1407,21,20,880,4,3,28
1408,16,10,660,1,2,5
1409,19,7,927,5,2,7
1410,9,10,741,3,3,22
1411,5,3,616,4,1,7
1412,14,16,527,4,1,29
1413,21,6,638,4,3,24
1414,10,7,259,4,2,5
1415,4,2,248,4,3,13
1416,0,21,875,5,3,2
1417,7,1,329,3,2,9
1418,20,22,811,4,3,2
1419,11,14,661,2,3,26
1420,11,23,166,2,3,11
1421,4,21,911,3,2,16
1422,6,21,480,1,1,26
1423,3,4,157,1,1,28
1424,5,23,358,1,2,4
1425,12,0,441,2,1,29
1426,19,3,937,1,3,19
1427,14,14,229,5,1,24
1428,2,19,826,4,3,8
1429,22,18,271,2,1,29
1430,7,2,869,3,2,20
1431,19,19,713,3,1,25
1432,15,10,308,4,1,19
1433,12,16,902,2,1,6
1434,17,12,453,1,2,21
1435,9,10,570,1,1,3
1436,18,1,897,5,2,12
1437,16,8,215,5,3,12
1438,23,1,363,1,1,9
1439,18,20,761,3,2,17
1440,22,8,911,3,2,16
1441,4,8,541,5,1,19
1442,20,7,647,4,3,19
1443,22,16,552,1,2,12
1444,8,0,944,5,1,16
1445,11,10,576,5,3,21
1446,20,7,386,1,2,3
1447,0,9,402,1,2,0
1448,0,6,410,3,3,0
1449,14,2,307,4,3,14
1450,1,2,717,4,1,12
1451,21,17,545,1,1,16
1452,15,4,769,2,2,23
1453,7,11,732,5,3,25
1454,12,11,154,5,3,7
1455,20,18,111,1,3,17
1456,0,5,756,2,2,26
1457,15,1,499,3,3,12
1458,6,11,747,1,3,22
1459,4,18,614,1,2,13
1460,21,4,755,5,1,7
1461,22,11,641,1,1,7
1462,2,16,336,1,2,26
1463,11,16,378,1,3,25
1464,15,9,447,5,2,14
1465,18,22,726,3,1,26
1466,4,16,203,3,1,12
1467,21,14,729,1,2,6
1468,13,11,616,5,2,4
1469,4,15,971,3,1,16
1470,14,23,347,3,2,27
1471,16,18,463,3,1,24
1472,13,7,420,5,2,28
1473,19,20,732,5,2,15
1474,4,16,385,1,2,22
1475,11,22,248,4,1,1
1476,15,4,183,3,2,21
1477,15,21,505,4,1,17
1478,20,15,555,5,1,16
1479,6,5,842,5,2,29
1480,3,7,899,5,2,6
1481,0,17,260,4,1,12
1482,4,11,883,5,1,17
1483,22,14,559,1,3,28
1484,9,8,649,5,1,13
1485,21,12,599,2,3,29
1486,4,14,837,4,3,17
1487,3,9,608,2,3,12
1488,1,15,753,5,2,10
1489,19,6,903,1,2,20
1490,9,16,580,3,1,29
1491,18,22,762,5,3,20
1492,0,20,213,1,2,15
1493,23,21,848,4,2,22
1494,4,6,677,2,2,16
1495,12,13,460,2,2,7
1496,3,14,440,2,2,18
1497,15,20,869,4,3,19
1498,23,6,860,1,3,14
1499,15,8,548,4,3,8
1500,22,18,942,2,3,19
1501,1,15,934,5,1,9
1502,16,7,279,3,3,11
1503,19,17,801,4,2,20
1504,23,22,506,4,3,22
1505,11,17,765,1,1,19
1506,17,19,295,1,2,29
1507,2,6,565,4,3,0
1508,0,2,410,2,3,24
1509,0,17,361,3,3,19
1510,18,9,518,1,2,8
1511,10,6,505,2,2,21
1512,4,16,242,5,1,14
1513,11,13,441,1,2,0
1514,2,23,415,2,2,11
1515,0,2,200,2,3,2
1516,0,11,343,3,2,10
1517,7,12,589,3,3,1
1518,9,1,111,5,3,15
1519,10,2,338,2,2,8
1520,11,4,660,2,1,14
1521,12,10,141,3,1,11
1522,11,7,777,1,2,0
1523,13,22,693,1,1,12
1524,1,22,528,4,3,13
1525,18,11,902,3,3,24
1526,17,6,257,4,2,24
1527,2,14,315,3,1,7
1528,22,23,769,5,1,7
1529,16,16,561,2,3,26
1530,7,3,233,5,2,29
1531,9,21,166,3,1,11
1532,1,12,947,2,2,0
1533,18,17,106,1,1,10
1534,8,0,625,1,3,7
1535,6,15,172,4,3,9
1536,3,12,498,3,2,29
1537,20,9,504,3,3,18
1538,17,11,774,1,1,10
1539,12,1,677,5,3,6
1540,10,22,958,2,2,10
1541,23,2,229,5,2,16
1542,3,9,565,5,2,0
1543,20,1,305,1,1,25
1544,3,22,887,1,1,28
1545,9,12,867,1,1,20
1546,4,12,365,4,1,20
1547,8,17,636,5,1,7
1548,23,2,892,3,3,22
1549,2,6,352,2,1,23
1550,16,13,921,4,1,5
1551,2,19,388,3,3,21
1552,15,16,263,5,1,17
1553,3,20,194,1,2,5
1554,17,11,881,5,1,4
1555,16,15,932,2,1,12
1556,6,23,209,4,2,18
1557,23,11,435,4,2,21
1558,22,14,921,2,2,7
1559,4,9,337,3,2,8
1560,11,6,480,3,1,16
1561,16,19,535,4,2,2
1562,22,4,998,4,2,18
1563,12,0,582,1,3,10
1564,22,16,124,3,2,23
1565,2,2,752,2,2,16
1566,8,12,216,3,3,20
1567,16,13,581,1,3,18
1568,16,23,491,4,1,1
1569,19,17,636,4,3,7
1570,15,3,178,1,1,18
1571,21,17,679,2,3,6
1572,12,4,272,4,3,27
1573,18,15,111,5,1,26
1574,16,0,899,4,3,16
1575,3,20,227,5,1,5
1576,11,13,707,1,3,18
1577,8,14,191,1,2,23
1578,18,8,752,4,3,5
1579,11,14,642,3,1,27
1580,8,16,945,5,3,1
1581,6,23,631,2,1,5
1582,13,3,757,4,1,22
1583,19,11,927,2,2,4
1584,18,4,546,4,2,18
1585,14,4,489,3,1,19
1586,15,10,771,3,3,3
1587,20,5,960,3,1,21
1588,4,6,142,3,1,25
1589,2,23,353,1,3,16
1590,11,13,229,1,3,10
1591,19,23,159,5,3,3
1592,20,10,762,2,3,25
1593,3,12,566,4,1,12
1594,20,1,386,4,1,19
1595,22,6,616,1,2,25
1596,15,19,566,4,1,16
1597,6,3,877,1,3,8
1598,12,7,444,5,2,3
1599,20,19,741,2,3,22
1600,9,21,481,5,1,27
1601,6,20,878,3,2,13
1602,13,18,789,3,3,18
1603,4,12,352,3,2,25
1604,2,13,155,5,2,27
1605,22,9,562,4,1,2
1606,10,10,556,2,3,13
1607,10,1,182,3,2,7
1608,17,8,198,3,2,23
1609,14,16,248,3,3,26
1610,11,2,428,2,2,27
1611,8,23,255,3,2,0
1612,9,5,289,2,2,9
1613,11,4,593,3,3,17
1614,16,4,982,5,3,15
1615,5,21,362,5,3,7
1616,6,14,179,2,3,0
1617,13,22,499,5,1,11
1618,12,16,863,2,2,7
1619,7,8,708,5,3,23
1620,9,2,359,5,2,15
1621,8,19,871,2,2,17
1622,17,16,714,4,1,3
1623,1,9,651,5,3,5
1624,4,2,884,3,3,11
1625,4,17,200,4,2,26
1626,5,17,458,2,3,8
1627,18,16,479,4,2,14
1628,7,23,919,1,2,15
1629,15,2,320,1,1,23
1630,12,2,919,5,1,11
1631,0,5,519,5,1,23
1632,21,12,223,3,2,22
1633,19,23,521,4,3,13
1634,16,14,330,1,1,12
1635,6,8,789,5,3,24
1636,12,3,162,4,1,1
1637,3,13,584,5,1,2
1638,3,4,727,5,2,25
1639,5,1,802,1,1,23
1640,18,10,673,1,1,29
1641,11,8,867,5,2,21
1642,21,23,582,2,3,9
1643,6,2,618,5,1,8
1644,9,8,254,5,2,25
1645,18,2,191,3,1,19
1646,6,1,625,3,2,7
1647,2,11,554,3,3,9
1648,12,9,840,2,3,18
1649,12,8,697,2,2,2
1650,17,14,744,5,2,23
1651,19,7,609,3,2,4
1652,7,4,282,2,3,2
1653,8,10,485,1,1,25
1654,6,1,673,5,3,26
1655,0,23,830,4,2,15
1656,2,14,504,5,2,16
1657,12,5,345,4,3,14
1658,16,7,841,3,2,2
1659,23,4,690,4,3,11
1660,0,15,760,3,2,8
1661,5,17,749,1,1,20
1662,20,5,570,4,1,11
1663,5,4,925,5,2,25
1664,11,15,987,3,3,14
1665,12,12,522,5,1,1
1666,12,4,164,2,3,22
1667,14,12,112,3,2,17
1668,20,16,312,4,3,19
1669,15,17,341,3,1,11
1670,21,7,592,5,3,22
1671,20,12,312,1,3,3
1672,10,18,792,3,2,22
1673,4,2,437,4,2,15
1674,3,23,272,2,2,22
1675,2,7,771,1,1,15
1676,18,1,263,2,1,0
1677,19,7,564,3,2,21
1678,17,12,596,5,2,24
1679,14,12,799,5,1,1
1680,8,0,494,4,1,29
1681,16,5,802,5,1,2
1682,13,23,407,1,1,25
1683,14,18,867,5,2,20
1684,0,15,282,4,1,24
1685,20,7,728,3,2,19
1686,21,0,893,3,3,16
1687,21,15,609,5,3,19
1688,2,8,807,2,1,21
1689,15,12,645,3,3,20
1690,22,10,663,5,3,29
1691,10,12,723,4,3,28
1692,11,20,863,5,1,0
1693,9,9,693,3,1,19
1694,15,3,843,4,3,5
1695,7,5,326,5,2,28
1696,5,6,844,1,3,14
1697,11,4,832,4,1,25
1698,23,10,535,1,1,25
1699,20,12,521,2,1,13
1700,7,18,653,4,3,19
1701,3,22,120,1,2,14
1702,7,9,653,3,1,13
1703,17,9,496,3,1,24
1704,4,10,724,2,3,20
1705,8,20,204,4,2,23
1706,3,6,291,4,3,24
1707,21,17,116,4,1,25
1708,16,3,219,2,2,4
1709,8,1,492,4,2,5
1710,0,13,524,3,1,16
1711,20,12,228,1,2,10
1712,19,11,229,3,2,15
1713,12,6,671,3,3,11
1714,15,1,659,1,1,14
1715,12,12,128,3,1,22
1716,13,13,196,2,1,3
1717,2,16,109,1,1,26
1718,5,8,341,3,1,17
1719,17,16,925,5,2,20
1720,18,7,331,3,3,27
1721,4,1,888,2,1,2
1722,14,23,383,4,3,21
1723,1,12,814,3,3,7
1724,9,2,858,4,2,22
1725,23,15,901,5,1,2
1726,17,5,875,3,2,7
1727,12,18,825,1,1,17
1728,4,6,299,4,2,9
1729,22,9,178,5,3,24
1730,23,8,954,1,1,19
1731,0,1,955,1,3,16
1732,21,14,272,1,3,7
1733,0,4,566,1,2,22
1734,17,21,680,3,1,10
1735,14,3,515,3,3,28
1736,16,19,548,3,2,4
1737,10,3,186,5,1,25
1738,20,17,200,5,1,12
1739,21,3,107,5,3,20
1740,16,16,944,2,1,22
1741,12,11,299,5,3,4
1742,0,21,604,3,1,23
1743,1,16,186,3,2,26
1744,8,9,142,2,3,12
1745,2,21,484,2,3,5
1746,0,0,720,5,1,28
1747,20,21,534,4,1,4
1748,15,23,507,2,3,8
1749,22,17,582,1,1,26
1750,5,17,763,3,2,15
1751,16,13,116,1,1,1
1752,4,14,744,3,2,0
1753,4,11,247,3,2,7
1754,5,3,376,2,2,27
1755,2,2,331,2,2,18
1756,20,19,925,1,2,29
1757,22,11,465,3,1,10
1758,4,6,327,1,2,27
1759,20,10,750,4,1,11
1760,4,0,535,1,2,11
1761,9,5,498,5,3,6
1762,9,14,310,1,2,25
1763,18,14,490,5,3,12
1764,16,18,598,5,2,26
1765,20,10,639,5,2,7
1766,13,22,662,4,2,28
1767,8,1,590,1,3,28
1768,13,13,541,1,3,21
1769,0,1,360,4,2,27
1770,18,3,872,3,1,25
1771,12,16,449,2,2,29
1772,12,2,451,1,3,8
1773,3,12,619,2,2,6
1774,0,8,419,4,3,25
1775,16,6,237,3,3,20
1776,7,14,649,3,3,23
1777,1,22,722,3,2,14
1778,7,10,467,4,3,1
1779,6,19,319,5,3,22
1780,1,1,436,5,2,19
1781,21,14,322,2,3,24
1782,21,13,747,5,2,11
1783,2,19,867,5,3,0
1784,17,21,459,3,1,22
1785,11,10,428,3,1,21
1786,0,2,562,2,3,7
1787,21,16,660,1,1,4
1788,11,11,903,2,2,14
1789,4,23,481,2,1,0
1790,16,20,935,4,3,0
1791,15,14,689,4,3,24
1792,14,15,716,2,2,9
1793,22,4,268,2,3,21
1794,14,19,316,2,2,9
1795,4,5,477,5,1,20
1796,20,18,218,4,1,14
1797,13,4,289,2,2,16
1798,1,2,866,3,2,21
1799,10,0,469,3,3,5
1800,18,5,877,5,1,2
1801,6,14,248,5,2,12
1802,5,1,775,1,1,15
1803,1,2,751,1,2,7
1804,5,16,958,1,1,29
1805,17,23,587,5,3,14
1806,1,11,869,5,1,16
1807,17,17,473,5,1,16
1808,14,14,880,3,1,21
1809,18,11,792,5,1,25
1810,1,15,259,3,1,12
1811,19,7,450,1,3,16
1812,5,13,387,1,2,5
1813,0,16,387,1,1,16
1814,23,20,991,2,3,15
1815,14,7,325,2,1,13
1816,22,14,622,4,1,12
1817,9,13,621,4,2,5
1818,18,17,882,4,1,2
1819,16,19,372,2,3,13
1820,4,6,501,2,3,13
1821,3,2,282,4,2,14
1822,9,11,764,4,1,7
1823,23,20,587,5,3,28
1824,16,23,926,4,1,14
1825,9,2,945,5,1,21
1826,16,19,223,3,1,28
1827,19,13,725,2,2,26
1828,23,14,889,4,1,12
1829,4,13,513,2,3,16
1830,1,6,824,2,1,20
1831,5,16,271,2,3,23
1832,20,11,387,3,1,2
1833,1,19,534,1,3,27
1834,12,3,785,4,3,5
1835,10,8,212,1,1,4
1836,10,5,987,1,1,21
1837,15,15,221,1,3,25
1838,10,21,643,2,2,16
1839,18,21,321,5,1,22
1840,14,20,730,2,2,24
1841,22,20,138,2,1,1
1842,22,1,596,1,1,25
1843,15,23,879,2,1,14
1844,10,7,332,1,1,4
1845,21,10,629,5,2,25
1846,15,12,248,4,1,19
1847,7,16,496,1,3,5
1848,3,7,760,5,3,5
1849,7,20,737,4,2,26
1850,3,17,401,3,1,17
1851,23,17,459,1,3,17
1852,2,13,337,1,2,3
1853,2,14,746,3,1,16
1854,17,5,762,3,3,24
1855,18,10,335,1,3,13
1856,18,12,835,3,2,13
1857,20,0,302,2,1,12
1858,4,5,355,4,1,6
1859,17,8,697,4,3,11
1860,9,7,761,4,3,22
1861,21,10,334,2,3,14
1862,20,21,444,3,1,18
1863,5,18,633,5,2,10
1864,0,23,959,3,2,14
1865,4,8,896,1,1,11
1866,8,16,880,4,2,2
1867,11,11,565,3,3,16
1868,13,13,869,5,2,2
1869,1,14,640,1,2,18
1870,16,15,312,2,2,19
1871,13,21,562,2,3,3
1872,12,21,535,5,1,2
1873,8,19,382,1,3,25
1874,14,0,661,4,1,15
1875,21,9,706,3,1,11
1876,14,7,562,1,1,7
1877,23,17,506,2,2,23
1878,10,0,187,5,2,28
1879,15,1,143,5,1,28
1880,16,0,560,3,1,16
1881,3,0,377,5,2,6
1882,0,8,782,5,3,10
1883,7,12,520,1,1,17
1884,16,0,800,4,3,0
1885,2,12,452,3,2,2
1886,19,19,795,1,1,3
1887,14,21,614,4,3,12
1888,14,6,802,1,3,5
1889,23,1,729,1,3,25
1890,21,5,118,5,2,13
1891,13,6,122,4,2,4
1892,22,13,512,3,3,15
1893,13,17,129,3,3,14
1894,23,14,906,4,2,14
1895,1,1,207,5,3,29
1896,12,9,466,2,3,3
1897,13,22,380,1,2,7
1898,23,11,227,5,3,26
1899,18,16,328,4,3,15
1900,6,7,210,1,3,27
1901,2,10,235,3,2,15
1902,14,2,461,2,3,29
1903,22,5,285,3,2,3
1904,13,8,755,4,2,12
1905,10,5,683,1,1,25
1906,14,8,228,4,1,27
1907,12,6,975,1,3,12
1908,17,8,360,5,2,1
1909,5,17,614,2,1,2
1910,2,11,548,5,3,21
1911,18,7,999,5,1,7
1912,14,7,203,4,1,23
1913,22,17,582,2,2,14
1914,4,19,323,1,2,10
1915,9,14,931,1,1,8
1916,6,6,973,3,1,6
1917,16,10,965,1,2,12
1918,6,19,590,4,3,1
1919,21,15,572,5,2,7
1920,11,3,109,5,1,6
1921,16,5,504,5,3,23
1922,12,21,995,2,1,11
1923,19,2,401,1,3,18
1924,3,8,330,4,1,6
1925,9,9,830,2,3,9
1926,2,13,165,3,3,28
1927,8,10,211,4,1,24
1928,12,17,112,4,3,15
1929,17,21,492,4,2,2
1930,14,11,599,5,1,29
1931,3,22,697,4,2,9
1932,14,11,333,1,1,5
1933,21,12,701,4,3,17
1934,1,12,413,5,3,17
1935,14,18,665,4,3,4
1936,7,18,111,3,1,20
1937,7,22,308,3,2,28
1938,16,13,113,5,2,6
1939,11,3,732,1,1,27
1940,18,12,517,1,1,1
1941,9,7,536,2,2,10
1942,8,22,476,5,2,29
1943,4,20,119,4,2,12
1944,5,22,686,5,2,22
1945,19,18,854,2,1,4
1946,1,11,834,5,1,29
1947,23,17,169,5,3,5
1948,12,5,923,2,2,23
1949,5,17,310,1,3,25
1950,4,18,200,4,1,28
1951,0,21,797,2,1,13
1952,20,4,231,3,3,11
1953,21,23,722,1,2,3
1954,20,8,480,3,2,28
1955,5,2,231,1,2,22
1956,5,9,119,4,2,5
1957,22,18,635,4,3,9
1958,15,2,326,5,3,17
1959,3,21,253,3,1,14
1960,10,14,904,1,2,7
1961,23,0,841,4,2,25
1962,22,6,568,2,2,8
1963,8,11,921,4,3,4
1964,22,16,970,2,2,9
1965,2,20,504,1,3,19
1966,18,23,301,4,2,5
1967,7,19,137,4,2,15
1968,4,4,871,1,1,23
1969,3,3,287,4,2,26
1970,23,11,156,2,2,2
1971,5,19,119,4,1,9
1972,1,23,372,3,3,10
1973,19,17,218,5,3,10
1974,10,16,682,2,2,16
1975,3,18,615,3,3,3
1976,14,8,320,1,2,3
1977,5,3,625,2,1,16
1978,21,20,614,5,1,8
1979,16,1,827,5,2,18
1980,23,3,840,1,1,4
1981,5,1,435,1,1,21
1982,18,14,797,2,2,23
1983,1,1,154,4,2,5
1984,14,3,599,1,1,2
1985,10,5,999,4,3,21
1986,7,6,987,3,3,0
1987,18,9,865,5,2,19
1988,12,18,635,4,2,21
1989,11,18,261,5,3,15
1990,4,21,769,4,1,22
1991,5,11,693,3,3,10
1992,21,2,258,1,3,12
1993,3,12,287,3,3,26
1994,18,17,159,1,3,9
1995,19,7,916,1,2,2
1996,0,20,418,5,2,8
1997,19,14,977,3,1,27
1998,16,0,310,4,1,11
1999,11,2,505,3,1,22
